Codigo Respuesta,Fecha ,StartTime ,FinalTime ,Page 
401,2022-03-04,2022-03-04T06:00:00,2022-03-04T07:00:00,1
401,2022-03-04,2022-03-04T07:00:00,2022-03-04T08:00:00,1
401,2022-03-04,2022-03-04T08:00:00,2022-03-04T09:00:00,1
401,2022-03-04,2022-03-04T09:00:00,2022-03-04T10:00:00,1
401,2022-03-04,2022-03-04T10:00:00,2022-03-04T11:00:00,1
401,2022-03-04,2022-03-04T11:00:00,2022-03-04T12:00:00,1
401,2022-03-04,2022-03-04T12:00:00,2022-03-04T13:00:00,1
401,2022-03-04,2022-03-04T13:00:00,2022-03-04T14:00:00,1
401,2022-03-04,2022-03-04T14:00:00,2022-03-04T15:00:00,1
401,2022-03-04,2022-03-04T15:00:00,2022-03-04T16:00:00,1
401,2022-03-04,2022-03-04T16:00:00,2022-03-04T17:00:00,1
401,2022-03-04,2022-03-04T17:00:00,2022-03-04T18:00:00,1
401,2022-03-04,2022-03-04T18:00:00,2022-03-04T19:00:00,1
401,2022-03-04,2022-03-04T19:00:00,2022-03-04T20:00:00,1
401,2022-03-04,2022-03-04T20:00:00,2022-03-04T21:00:00,1
401,2022-03-04,2022-03-04T21:00:00,2022-03-04T22:00:00,1
401,2022-03-04,2022-03-04T22:00:00,2022-03-04T23:00:00,1
401,2022-03-04,2022-03-04T23:00:00,2022-03-05T00:00:00,1
401,2022-03-04,2022-03-05T00:00:00,2022-03-05T01:00:00,1
401,2022-03-04,2022-03-05T01:00:00,2022-03-05T02:00:00,1
401,2022-03-04,2022-03-05T02:00:00,2022-03-05T03:00:00,1
401,2022-03-04,2022-03-05T03:00:00,2022-03-05T04:00:00,1
401,2022-03-04,2022-03-05T04:00:00,2022-03-05T05:00:00,1
401,2022-03-04,2022-03-05T05:00:00,2022-03-05T06:00:00,1
